<?xml version="1.0" encoding="UTF-8" ?>
<!-- Generated by Oracle SOA Modeler version 11.1.1.7.8 at [10/20/16 4:44 PM]. -->
<composite name="CarrierToMisc"
           revision="1.0.5"
           label="2016-10-20_16-44-07_472"
           mode="active"
           state="on"
           xmlns="http://xmlns.oracle.com/sca/1.0"
           xmlns:xs="http://www.w3.org/2001/XMLSchema"
           xmlns:wsp="http://schemas.xmlsoap.org/ws/2004/09/policy"
           xmlns:orawsp="http://schemas.oracle.com/ws/2006/01/policy"
           xmlns:ui="http://xmlns.oracle.com/soa/designer/">
  <import namespace="http://xmlns.oracle.com/pcbpel/adapter/file/Misc/CarrierToMisc/FileRequiresUpdate"
          location="FileRequiresUpdate.wsdl" importType="wsdl"/>
  <import namespace="http://xmlns.oracle.com/pcbpel/adapter/db/Misc/CarrierToMisc/ReadFrtTbl"
          location="ReadFrtTbl.wsdl" importType="wsdl"/>
  <import namespace="http://xmlns.oracle.com/pcbpel/adapter/db/Misc/CarrierToMisc/PermTable"
          location="PermTable.wsdl" importType="wsdl"/>
  <import namespace="http://xmlns.oracle.com/pcbpel/adapter/file/Misc/CarrierToMisc/WriteCarrFile"
          location="WriteCarrFile.wsdl" importType="wsdl"/>
  <service name="FileRequiresUpdate" ui:wsdlLocation="FileRequiresUpdate.wsdl">
    <interface.wsdl interface="http://xmlns.oracle.com/pcbpel/adapter/file/Misc/CarrierToMisc/FileRequiresUpdate#wsdl.interface(Read_ptt)"/>
    <binding.jca config="FileRequiresUpdate_file.jca"/>
    <property name="CarrierToReadBackup" type="xs:string" many="false"
              override="may"></property>
    <property name="CarrierToReadLocation" type="xs:string" many="false"
              override="may"></property>
  </service>
  <property name="productVersion" type="xs:string" many="false">11.1.1.7.8</property>
  <component name="AddMoreColumnsBpel" version="2.0">
    <implementation.bpel src="AddMoreColumnsBpel.bpel"/>
    <property name="bpel.config.oneWayDeliveryPolicy" type="xs:string"
              many="false">async.persist</property>
  </component>
  <reference name="ReadFrtTbl" ui:wsdlLocation="ReadFrtTbl.wsdl">
    <interface.wsdl interface="http://xmlns.oracle.com/pcbpel/adapter/db/Misc/CarrierToMisc/ReadFrtTbl#wsdl.interface(ReadFrtTbl_ptt)"/>
    <binding.jca config="ReadFrtTbl_db.jca"/>
    <property name="jca.retry.count" type="xs:int" many="false" override="may">4</property>
    <property name="jca.retry.interval" type="xs:int" many="false"
              override="may">1</property>
    <property name="jca.retry.backoff" type="xs:int" many="false"
              override="may">2</property>
    <property name="jca.retry.maxInterval" type="xs:string" many="false"
              override="may">120</property>
  </reference>
  <reference name="PermTable" ui:wsdlLocation="PermTable.wsdl">
    <interface.wsdl interface="http://xmlns.oracle.com/pcbpel/adapter/db/Misc/CarrierToMisc/PermTable#wsdl.interface(PermTable_ptt)"/>
    <binding.jca config="PermTable_db.jca"/>
    <property name="jca.retry.count" type="xs:int" many="false" override="may">4</property>
    <property name="jca.retry.interval" type="xs:int" many="false"
              override="may">1</property>
    <property name="jca.retry.backoff" type="xs:int" many="false"
              override="may">2</property>
    <property name="jca.retry.maxInterval" type="xs:string" many="false"
              override="may">120</property>
  </reference>
  <reference name="WriteCarrFile" ui:wsdlLocation="WriteCarrFile.wsdl">
    <interface.wsdl interface="http://xmlns.oracle.com/pcbpel/adapter/file/Misc/CarrierToMisc/WriteCarrFile#wsdl.interface(Write_ptt)"/>
    <binding.jca config="WriteCarrFile_file.jca"/>
    <property name="writeFile" type="xs:string" many="false" override="may"></property>
  </reference>
  <wire>
    <source.uri>FileRequiresUpdate</source.uri>
    <target.uri>AddMoreColumnsBpel/FileRequiresUpdate</target.uri>
  </wire>
  <wire>
    <source.uri>AddMoreColumnsBpel/ReadFrtTbl</source.uri>
    <target.uri>ReadFrtTbl</target.uri>
  </wire>
  <wire>
    <source.uri>AddMoreColumnsBpel/PermTable</source.uri>
    <target.uri>PermTable</target.uri>
  </wire>
  <wire>
    <source.uri>AddMoreColumnsBpel/WriteCarrFile</source.uri>
    <target.uri>WriteCarrFile</target.uri>
  </wire>
</composite>
