<?xml version="1.0" encoding="UTF-8" ?>
<!-- Generated by Oracle SOA Modeler version 11.1.1.7.8 at [10/22/16 4:08 PM]. -->
<composite name="UpdateCarrierToFile"
           revision="1.0.4"
           label="2016-10-22_16-08-18_041"
           mode="active"
           state="on"
           xmlns="http://xmlns.oracle.com/sca/1.0"
           xmlns:xs="http://www.w3.org/2001/XMLSchema"
           xmlns:wsp="http://schemas.xmlsoap.org/ws/2004/09/policy"
           xmlns:orawsp="http://schemas.oracle.com/ws/2006/01/policy"
           xmlns:ui="http://xmlns.oracle.com/soa/designer/">
  <import namespace="http://xmlns.oracle.com/pcbpel/adapter/file/Misc/UpdateCarrierToFile/ReadCarrierTo"
          location="ReadCarrierTo.wsdl" importType="wsdl"/>
  <import namespace="http://xmlns.oracle.com/pcbpel/adapter/db/Misc/UpdateCarrierToFile/ReadPermFrtTables"
          location="ReadPermFrtTables.wsdl" importType="wsdl"/>
  <import namespace="http://xmlns.oracle.com/pcbpel/adapter/file/Misc/UpdateCarrierToFile/WriteUpdatedC2File"
          location="WriteUpdatedC2File.wsdl" importType="wsdl"/>
  <service name="ReadCarrierTo" ui:wsdlLocation="ReadCarrierTo.wsdl">
    <interface.wsdl interface="http://xmlns.oracle.com/pcbpel/adapter/file/Misc/UpdateCarrierToFile/ReadCarrierTo#wsdl.interface(Read_ptt)"/>
    <binding.jca config="ReadCarrierTo_file.jca"/>
    <property name="ArchiveCarrierToLoc" type="xs:string" many="false"
              override="may"></property>
    <property name="ReadCarrierToLoc" type="xs:string" many="false"
              override="may"></property>
  </service>
  <property name="productVersion" type="xs:string" many="false">11.1.1.7.8</property>
  <component name="UpdateCarrToBpel" version="2.0">
    <implementation.bpel src="UpdateCarrToBpel.bpel"/>
    <property name="bpel.config.oneWayDeliveryPolicy" type="xs:string"
              many="false">async.persist</property>
  </component>
  <reference name="ReadPermFrtTables" ui:wsdlLocation="ReadPermFrtTables.wsdl">
    <interface.wsdl interface="http://xmlns.oracle.com/pcbpel/adapter/db/Misc/UpdateCarrierToFile/ReadPermFrtTables#wsdl.interface(ReadPermFrtTables_ptt)"/>
    <binding.jca config="ReadPermFrtTables_db.jca"/>
    <property name="jca.retry.count" type="xs:int" many="false" override="may">4</property>
    <property name="jca.retry.interval" type="xs:int" many="false"
              override="may">1</property>
    <property name="jca.retry.backoff" type="xs:int" many="false"
              override="may">2</property>
    <property name="jca.retry.maxInterval" type="xs:string" many="false"
              override="may">120</property>
  </reference>
  <reference name="WriteUpdatedC2File"
             ui:wsdlLocation="WriteUpdatedC2File.wsdl">
    <interface.wsdl interface="http://xmlns.oracle.com/pcbpel/adapter/file/Misc/UpdateCarrierToFile/WriteUpdatedC2File#wsdl.interface(Write_ptt)"/>
    <binding.jca config="WriteUpdatedC2File_file.jca"/>
    <property name="CARROut" type="xs:string" many="false" override="may"></property>
  </reference>
  <wire>
    <source.uri>ReadCarrierTo</source.uri>
    <target.uri>UpdateCarrToBpel/ReadCarrierTo</target.uri>
  </wire>
  <wire>
    <source.uri>UpdateCarrToBpel/ReadPermFrtTables</source.uri>
    <target.uri>ReadPermFrtTables</target.uri>
  </wire>
  <wire>
    <source.uri>UpdateCarrToBpel/WriteUpdatedC2File</source.uri>
    <target.uri>WriteUpdatedC2File</target.uri>
  </wire>
</composite>
