<?xml version="1.0" encoding="UTF-8"?>
<SOAConfigPlan xmlns:jca="http://platform.integration.oracle/blocks/adapter/fw/metadata" xmlns:wsp="http://schemas.xmlsoap.org/ws/2004/09/policy" xmlns:orawsp="http://schemas.oracle.com/ws/2006/01/policy" xmlns:edl="http://schemas.oracle.com/events/edl" xmlns="http://schemas.oracle.com/soa/configplan">
   <composite name="UpdateCarrierToFile">
      <!--Add search and replace rules for the import section of a composite
	Example:
	<searchReplace>
		<search>http://my-dev-server</search>
		<replace>http://my-test-server</replace>
	<searchReplace>
	<searchReplace>
		<search>8888</search>
		<replace>8889</replace>
	<searchReplace>-->
      <import>
         <searchReplace>
            <search/>
            <replace/>
         </searchReplace>
      </import>
      <!--Add search and replace rules for the service properties-->
      <service name="ReadCarrierTo">
         <property name="ArchiveCarrierToLoc">
            <replace>H:\tmp</replace>
         </property>
         <property name="ReadCarrierToLoc">
            <replace>H:\temp</replace>
         </property>
         <binding type="jca"/>
      </service>
      <property name="productVersion">
         <replace>11.1.1.7.8</replace>
      </property>
      <!--Add search and replace rules for the component properties
	For components and service/reference bindings, you can add policy references.
	Example:
	<component name="*">
		<wsp:PolicyReference orawsp:category="management" orawsp:status="enabled" URI="oracle/log_policy"/>
	</component>-->
      <component name="UpdateCarrToBpel">
         <property name="bpel.config.oneWayDeliveryPolicy">
            <replace>async.persist</replace>
         </property>
      </component>
      <!--Add search and replace rules for the reference properties
	Example:
	<searchReplace>
		<search>http://my-dev-server</search>
		<replace>http://my-test-server</replace>
	<searchReplace>
	<searchReplace>
		<search>8888
		<replace>8889</replace>
	<searchReplace>
	or provide a new replace value like:
	<replace>http://my-new-server:8889/myservice</replace>-->
      <reference name="ReadPermFrtTables">
         <property name="jca.retry.count">
            <replace>4</replace>
         </property>
         <property name="jca.retry.interval">
            <replace>1</replace>
         </property>
         <property name="jca.retry.backoff">
            <replace>2</replace>
         </property>
         <property name="jca.retry.maxInterval">
            <replace>120</replace>
         </property>
         <binding type="jca"/>
      </reference>
      <reference name="WriteUpdatedC2File">
         <property name="CARROut">
            <replace>H:\wt</replace>
         </property>
         <binding type="jca"/>
      </reference>
   </composite>
   <!--To configure monitor.config: 
	<property name="enabled"><replace>true</replace></property>
	<property name="dataObjectsFolder"><searchReplace><search>mydev</search><replace>myproduction</replace></searchReplace></property>
	
	sample properties to configure for file/ftp adapter: 
	<jca:property name="PhysicalDirectory"><replace>c:\temp</replace></jca:property>
	<jca:property name="DeleteFile"><replace>true</replace></jca:property>
	<jca:property name="PollingFrequency"><replace>3</replace></jca:property>
	
	To add search and replace rules for wsdls, xsd and jca files
	Example:
	<searchReplace>
		<search>http://my-dev-server</search>
		<replace>http://my-test-server</replace>
	<searchReplace>
	<searchReplace>
		<search>8888</search>
		<replace>8889</replace>
	<searchReplace>
	-->
   <wsdlAndSchema name="ReadCarrierTo.wsdl|ReadCarrierTo_file.jca|ReadPermFrtTables.wsdl|ReadPermFrtTables_db.jca|WriteUpdatedC2File.wsdl|WriteUpdatedC2File_file.jca|xsd/CARR_TO_Input.xsd|xsd/OutputSample.xsd|xsd/ReadPermFrtTables.xsd">
      <searchReplace>
         <search/>
         <replace/>
      </searchReplace>
   </wsdlAndSchema>
</SOAConfigPlan>
