<?xml version = '1.0' encoding = 'UTF-8'?>
<graphics>
   <diagram optimizeLayout="false" popupEditor="true" fixedWidthSwimlanes="true" roundedPartnerlinks="true" centerZoom="true" validateOnLoad="true" confirmBeforeDelete="true" selectedPartnerLinkColor="0,0,153" swimlaneBackground="240,240,240" swimlaneDividerBackground="218,218,218" graphBackground="255,255,255" selectedBorderBackground="49,105,198" connectedPartnerLinkColor="204,204,255" connectablePartnerLinkColor="0,0,255" unconnectedPartnerLinkColor="192,192,192"/>
   <annotationfile/>
   <iconize/>
   <partnerlink_locations>
      <partnerlink name="FileRequiresUpdate" x="3" y="90" side="left"/>
      <partnerlink name="ReadFrtTbl" x="3" y="466" side="left"/>
      <partnerlink name="PermTable" x="3" y="748" side="left"/>
      <partnerlink name="WriteCarrFile" x="3" y="1065" side="left"/>
   </partnerlink_locations>
   <graph_layout viewport="0,384,861,626" show_swimlanes="true">
      <layout_item collapsed="false" xpath="/process" type="process" showhandlers="true"/>
      <layout_item collapsed="false" xpath="/process/sequence" type="sequence"/>
      <layout_item collapsed="false" xpath="/process/sequence/forEach" type="foreach"/>
      <layout_item collapsed="false" xpath="/process/sequence/forEach/scope" type="scope" showhandlers="false"/>
      <layout_item collapsed="false" xpath="/process/sequence/forEach/scope/sequence" type="sequence"/>
      <layout_item collapsed="false" xpath="/process/sequence/forEach/scope/sequence/forEach" type="foreach"/>
      <layout_item collapsed="false" xpath="/process/sequence/forEach/scope/sequence/forEach/scope" type="scope" showhandlers="true"/>
      <layout_item collapsed="false" xpath="/process/sequence/forEach/scope/sequence/forEach/scope/sequence" type="sequence"/>
      <layout_item collapsed="false" xpath="/process/sequence/forEach/scope/sequence/forEach/scope/sequence/if/sequence" type="sequence"/>
   </graph_layout>
   <bookmarks/>
</graphics>
