<?xml version="1.0" encoding="UTF-8"?>
<object-persistence xmlns="http://www.eclipse.org/eclipselink/xsds/persistence" xmlns:xsd="http://www.w3.org/2001/XMLSchema" xmlns:eclipselink="http://www.eclipse.org/eclipselink/xsds/persistence" xmlns:xsi="http://www.w3.org/2001/XMLSchema-instance" version="Eclipse Persistence Services - 2.3.1.v20111018-r10243">
   <name>PermTable-OR</name>
   <class-mapping-descriptors>
      <class-mapping-descriptor xsi:type="object-relational-class-mapping-descriptor">
         <class>PermTable.InvcMtchExcpt</class>
         <alias>INVC_MTCH_EXCPT</alias>
         <primary-key>
            <field table="INVC_MTCH_EXCPT" name="INVC_MTCH_EXCPT_ID" xsi:type="column"/>
         </primary-key>
         <events/>
         <querying>
            <queries>
               <query name="PermTableSelect" xsi:type="read-all-query">
                  <criteria operator="equal" xsi:type="relation-expression">
                     <left name="vchrNbr" xsi:type="query-key-expression">
                        <base xsi:type="base-expression"/>
                     </left>
                     <right xsi:type="parameter-expression">
                        <parameter name="vchrNbr" xsi:type="column"/>
                     </right>
                  </criteria>
                  <arguments>
                     <argument name="vchrNbr">
                        <type>java.lang.String</type>
                     </argument>
                  </arguments>
                  <reference-class>PermTable.InvcMtchExcpt</reference-class>
                  <container xsi:type="list-container-policy">
                     <collection-type>java.util.Vector</collection-type>
                  </container>
               </query>
            </queries>
         </querying>
         <attribute-mappings>
            <attribute-mapping xsi:type="direct-mapping">
               <attribute-name>invcMtchExcptId</attribute-name>
               <field table="INVC_MTCH_EXCPT" name="INVC_MTCH_EXCPT_ID" xsi:type="column"/>
               <attribute-classification>java.lang.Long</attribute-classification>
            </attribute-mapping>
            <attribute-mapping xsi:type="direct-mapping">
               <attribute-name>crtPgmId</attribute-name>
               <properties>
                  <property name="enabled">
                     <value>false</value>
                  </property>
               </properties>
               <field table="INVC_MTCH_EXCPT" name="CRT_PGM_ID" xsi:type="column"/>
               <attribute-classification>java.lang.String</attribute-classification>
            </attribute-mapping>
            <attribute-mapping xsi:type="direct-mapping">
               <attribute-name>crtSysusrId</attribute-name>
               <properties>
                  <property name="enabled">
                     <value>false</value>
                  </property>
               </properties>
               <field table="INVC_MTCH_EXCPT" name="CRT_SYSUSR_ID" xsi:type="column"/>
               <attribute-classification>java.lang.String</attribute-classification>
            </attribute-mapping>
            <attribute-mapping xsi:type="direct-mapping">
               <attribute-name>crtTs</attribute-name>
               <properties>
                  <property name="enabled">
                     <value>false</value>
                  </property>
               </properties>
               <field table="INVC_MTCH_EXCPT" name="CRT_TS" xsi:type="column"/>
               <attribute-classification>java.sql.Timestamp</attribute-classification>
            </attribute-mapping>
            <attribute-mapping xsi:type="direct-mapping">
               <attribute-name>lastUpdPgmId</attribute-name>
               <properties>
                  <property name="enabled">
                     <value>false</value>
                  </property>
               </properties>
               <field table="INVC_MTCH_EXCPT" name="LAST_UPD_PGM_ID" xsi:type="column"/>
               <attribute-classification>java.lang.String</attribute-classification>
            </attribute-mapping>
            <attribute-mapping xsi:type="direct-mapping">
               <attribute-name>lastUpdSysusrId</attribute-name>
               <properties>
                  <property name="enabled">
                     <value>false</value>
                  </property>
               </properties>
               <field table="INVC_MTCH_EXCPT" name="LAST_UPD_SYSUSR_ID" xsi:type="column"/>
               <attribute-classification>java.lang.String</attribute-classification>
            </attribute-mapping>
            <attribute-mapping xsi:type="direct-mapping">
               <attribute-name>lastUpdTs</attribute-name>
               <properties>
                  <property name="enabled">
                     <value>false</value>
                  </property>
               </properties>
               <field table="INVC_MTCH_EXCPT" name="LAST_UPD_TS" xsi:type="column"/>
               <attribute-classification>java.sql.Timestamp</attribute-classification>
            </attribute-mapping>
            <attribute-mapping xsi:type="direct-mapping">
               <attribute-name>invcMtchDataSrcInd</attribute-name>
               <properties>
                  <property name="enabled">
                     <value>false</value>
                  </property>
               </properties>
               <field table="INVC_MTCH_EXCPT" name="INVC_MTCH_DATA_SRC_IND" xsi:type="column"/>
               <attribute-classification>java.lang.String</attribute-classification>
            </attribute-mapping>
            <attribute-mapping xsi:type="direct-mapping">
               <attribute-name>cntryCd</attribute-name>
               <properties>
                  <property name="enabled">
                     <value>false</value>
                  </property>
               </properties>
               <field table="INVC_MTCH_EXCPT" name="CNTRY_CD" xsi:type="column"/>
               <attribute-classification>java.lang.String</attribute-classification>
            </attribute-mapping>
            <attribute-mapping xsi:type="direct-mapping">
               <attribute-name>carrNm</attribute-name>
               <properties>
                  <property name="enabled">
                     <value>false</value>
                  </property>
               </properties>
               <field table="INVC_MTCH_EXCPT" name="CARR_NM" xsi:type="column"/>
               <attribute-classification>java.lang.String</attribute-classification>
            </attribute-mapping>
            <attribute-mapping xsi:type="direct-mapping">
               <attribute-name>apCoNbr</attribute-name>
               <properties>
                  <property name="enabled">
                     <value>false</value>
                  </property>
               </properties>
               <field table="INVC_MTCH_EXCPT" name="AP_CO_NBR" xsi:type="column"/>
               <attribute-classification>java.lang.String</attribute-classification>
            </attribute-mapping>
            <attribute-mapping xsi:type="direct-mapping">
               <attribute-name>invcMtchWrkflwStgInd</attribute-name>
               <properties>
                  <property name="enabled">
                     <value>false</value>
                  </property>
               </properties>
               <field table="INVC_MTCH_EXCPT" name="INVC_MTCH_WRKFLW_STG_IND" xsi:type="column"/>
               <attribute-classification>java.lang.String</attribute-classification>
            </attribute-mapping>
            <attribute-mapping xsi:type="direct-mapping">
               <attribute-name>merDeptNbr</attribute-name>
               <properties>
                  <property name="enabled">
                     <value>false</value>
                  </property>
               </properties>
               <field table="INVC_MTCH_EXCPT" name="MER_DEPT_NBR" xsi:type="column"/>
               <attribute-classification>java.lang.Integer</attribute-classification>
            </attribute-mapping>
            <attribute-mapping xsi:type="direct-mapping">
               <attribute-name>paymtDueDt</attribute-name>
               <properties>
                  <property name="enabled">
                     <value>false</value>
                  </property>
               </properties>
               <field table="INVC_MTCH_EXCPT" name="PAYMT_DUE_DT" xsi:type="column"/>
               <attribute-classification>java.sql.Timestamp</attribute-classification>
            </attribute-mapping>
            <attribute-mapping xsi:type="direct-mapping">
               <attribute-name>erlyKeyrecMtchDt</attribute-name>
               <properties>
                  <property name="enabled">
                     <value>false</value>
                  </property>
               </properties>
               <field table="INVC_MTCH_EXCPT" name="ERLY_KEYREC_MTCH_DT" xsi:type="column"/>
               <attribute-classification>java.sql.Timestamp</attribute-classification>
            </attribute-mapping>
            <attribute-mapping xsi:type="direct-mapping">
               <attribute-name>apEditDistrInd</attribute-name>
               <properties>
                  <property name="enabled">
                     <value>false</value>
                  </property>
               </properties>
               <field table="INVC_MTCH_EXCPT" name="AP_EDIT_DISTR_IND" xsi:type="column"/>
               <attribute-classification>java.lang.String</attribute-classification>
            </attribute-mapping>
            <attribute-mapping xsi:type="direct-mapping">
               <attribute-name>fileCrtDt</attribute-name>
               <properties>
                  <property name="enabled">
                     <value>false</value>
                  </property>
               </properties>
               <field table="INVC_MTCH_EXCPT" name="FILE_CRT_DT" xsi:type="column"/>
               <attribute-classification>java.sql.Timestamp</attribute-classification>
            </attribute-mapping>
            <attribute-mapping xsi:type="direct-mapping">
               <attribute-name>frtBillNbr</attribute-name>
               <properties>
                  <property name="enabled">
                     <value>false</value>
                  </property>
               </properties>
               <field table="INVC_MTCH_EXCPT" name="FRT_BILL_NBR" xsi:type="column"/>
               <attribute-classification>java.lang.String</attribute-classification>
            </attribute-mapping>
            <attribute-mapping xsi:type="direct-mapping">
               <attribute-name>invcDt</attribute-name>
               <properties>
                  <property name="enabled">
                     <value>false</value>
                  </property>
               </properties>
               <field table="INVC_MTCH_EXCPT" name="INVC_DT" xsi:type="column"/>
               <attribute-classification>java.sql.Timestamp</attribute-classification>
            </attribute-mapping>
            <attribute-mapping xsi:type="direct-mapping">
               <attribute-name>invcNbr</attribute-name>
               <field table="INVC_MTCH_EXCPT" name="INVC_NBR" xsi:type="column"/>
               <attribute-classification>java.lang.String</attribute-classification>
            </attribute-mapping>
            <attribute-mapping xsi:type="direct-mapping">
               <attribute-name>invcMtchExcptCtgInd</attribute-name>
               <properties>
                  <property name="enabled">
                     <value>false</value>
                  </property>
               </properties>
               <field table="INVC_MTCH_EXCPT" name="INVC_MTCH_EXCPT_CTG_IND" xsi:type="column"/>
               <attribute-classification>java.lang.String</attribute-classification>
            </attribute-mapping>
            <attribute-mapping xsi:type="direct-mapping">
               <attribute-name>keyrecNbr</attribute-name>
               <properties>
                  <property name="enabled">
                     <value>false</value>
                  </property>
               </properties>
               <field table="INVC_MTCH_EXCPT" name="KEYREC_NBR" xsi:type="column"/>
               <attribute-classification>java.lang.String</attribute-classification>
            </attribute-mapping>
            <attribute-mapping xsi:type="direct-mapping">
               <attribute-name>keyrecDt</attribute-name>
               <properties>
                  <property name="enabled">
                     <value>false</value>
                  </property>
               </properties>
               <field table="INVC_MTCH_EXCPT" name="KEYREC_DT" xsi:type="column"/>
               <attribute-classification>java.sql.Timestamp</attribute-classification>
            </attribute-mapping>
            <attribute-mapping xsi:type="direct-mapping">
               <attribute-name>keyrecTypInd</attribute-name>
               <properties>
                  <property name="enabled">
                     <value>false</value>
                  </property>
               </properties>
               <field table="INVC_MTCH_EXCPT" name="KEYREC_TYP_IND" xsi:type="column"/>
               <attribute-classification>java.lang.String</attribute-classification>
            </attribute-mapping>
            <attribute-mapping xsi:type="direct-mapping">
               <attribute-name>invcMtchOvraActnInd</attribute-name>
               <properties>
                  <property name="enabled">
                     <value>false</value>
                  </property>
               </properties>
               <field table="INVC_MTCH_EXCPT" name="INVC_MTCH_OVRA_ACTN_IND" xsi:type="column"/>
               <attribute-classification>java.lang.String</attribute-classification>
            </attribute-mapping>
            <attribute-mapping xsi:type="direct-mapping">
               <attribute-name>invcMtchExcptStatInd</attribute-name>
               <properties>
                  <property name="enabled">
                     <value>false</value>
                  </property>
               </properties>
               <field table="INVC_MTCH_EXCPT" name="INVC_MTCH_EXCPT_STAT_IND" xsi:type="column"/>
               <attribute-classification>java.lang.String</attribute-classification>
            </attribute-mapping>
            <attribute-mapping xsi:type="direct-mapping">
               <attribute-name>dPayTrmCd</attribute-name>
               <properties>
                  <property name="enabled">
                     <value>false</value>
                  </property>
               </properties>
               <field table="INVC_MTCH_EXCPT" name="D_PAY_TRM_CD" xsi:type="column"/>
               <attribute-classification>java.lang.String</attribute-classification>
            </attribute-mapping>
            <attribute-mapping xsi:type="direct-mapping">
               <attribute-name>ddaTrmId</attribute-name>
               <properties>
                  <property name="enabled">
                     <value>false</value>
                  </property>
               </properties>
               <field table="INVC_MTCH_EXCPT" name="DDA_TRM_ID" xsi:type="column"/>
               <attribute-classification>java.lang.String</attribute-classification>
            </attribute-mapping>
            <attribute-mapping xsi:type="direct-mapping">
               <attribute-name>poNbr</attribute-name>
               <field table="INVC_MTCH_EXCPT" name="PO_NBR" xsi:type="column"/>
               <attribute-classification>java.lang.String</attribute-classification>
            </attribute-mapping>
            <attribute-mapping xsi:type="direct-mapping">
               <attribute-name>invcPotntlMtchInd</attribute-name>
               <properties>
                  <property name="enabled">
                     <value>false</value>
                  </property>
               </properties>
               <field table="INVC_MTCH_EXCPT" name="INVC_POTNTL_MTCH_IND" xsi:type="column"/>
               <attribute-classification>java.lang.String</attribute-classification>
            </attribute-mapping>
            <attribute-mapping xsi:type="direct-mapping">
               <attribute-name>shpmtTrkgNbr</attribute-name>
               <properties>
                  <property name="enabled">
                     <value>false</value>
                  </property>
               </properties>
               <field table="INVC_MTCH_EXCPT" name="SHPMT_TRKG_NBR" xsi:type="column"/>
               <attribute-classification>java.lang.String</attribute-classification>
            </attribute-mapping>
            <attribute-mapping xsi:type="direct-mapping">
               <attribute-name>pvndrNbr</attribute-name>
               <field table="INVC_MTCH_EXCPT" name="PVNDR_NBR" xsi:type="column"/>
               <attribute-classification>java.lang.String</attribute-classification>
            </attribute-mapping>
            <attribute-mapping xsi:type="direct-mapping">
               <attribute-name>pvndrNm</attribute-name>
               <properties>
                  <property name="enabled">
                     <value>false</value>
                  </property>
               </properties>
               <field table="INVC_MTCH_EXCPT" name="PVNDR_NM" xsi:type="column"/>
               <attribute-classification>java.lang.String</attribute-classification>
            </attribute-mapping>
            <attribute-mapping xsi:type="direct-mapping">
               <attribute-name>sPvndrNm</attribute-name>
               <properties>
                  <property name="enabled">
                     <value>false</value>
                  </property>
               </properties>
               <field table="INVC_MTCH_EXCPT" name="S_PVNDR_NM" xsi:type="column"/>
               <attribute-classification>java.lang.String</attribute-classification>
            </attribute-mapping>
            <attribute-mapping xsi:type="direct-mapping">
               <attribute-name>locNbr</attribute-name>
               <properties>
                  <property name="enabled">
                     <value>false</value>
                  </property>
               </properties>
               <field table="INVC_MTCH_EXCPT" name="LOC_NBR" xsi:type="column"/>
               <attribute-classification>java.lang.String</attribute-classification>
            </attribute-mapping>
            <attribute-mapping xsi:type="direct-mapping">
               <attribute-name>locTypCd</attribute-name>
               <properties>
                  <property name="enabled">
                     <value>false</value>
                  </property>
               </properties>
               <field table="INVC_MTCH_EXCPT" name="LOC_TYP_CD" xsi:type="column"/>
               <attribute-classification>java.lang.String</attribute-classification>
            </attribute-mapping>
            <attribute-mapping xsi:type="direct-mapping">
               <attribute-name>totCalcDiscAmt</attribute-name>
               <properties>
                  <property name="enabled">
                     <value>false</value>
                  </property>
               </properties>
               <field table="INVC_MTCH_EXCPT" name="TOT_CALC_DISC_AMT" xsi:type="column"/>
               <attribute-classification>java.math.BigDecimal</attribute-classification>
            </attribute-mapping>
            <attribute-mapping xsi:type="direct-mapping">
               <attribute-name>totInvcAmt</attribute-name>
               <properties>
                  <property name="enabled">
                     <value>false</value>
                  </property>
               </properties>
               <field table="INVC_MTCH_EXCPT" name="TOT_INVC_AMT" xsi:type="column"/>
               <attribute-classification>java.math.BigDecimal</attribute-classification>
            </attribute-mapping>
            <attribute-mapping xsi:type="direct-mapping">
               <attribute-name>totRetlAmt</attribute-name>
               <properties>
                  <property name="enabled">
                     <value>false</value>
                  </property>
               </properties>
               <field table="INVC_MTCH_EXCPT" name="TOT_RETL_AMT" xsi:type="column"/>
               <attribute-classification>java.math.BigDecimal</attribute-classification>
            </attribute-mapping>
            <attribute-mapping xsi:type="direct-mapping">
               <attribute-name>shpmtTrkgTypInd</attribute-name>
               <properties>
                  <property name="enabled">
                     <value>false</value>
                  </property>
               </properties>
               <field table="INVC_MTCH_EXCPT" name="SHPMT_TRKG_TYP_IND" xsi:type="column"/>
               <attribute-classification>java.lang.String</attribute-classification>
            </attribute-mapping>
            <attribute-mapping xsi:type="direct-mapping">
               <attribute-name>vchrNbr</attribute-name>
               <field table="INVC_MTCH_EXCPT" name="VCHR_NBR" xsi:type="column"/>
               <attribute-classification>java.lang.String</attribute-classification>
            </attribute-mapping>
            <attribute-mapping xsi:type="direct-mapping">
               <attribute-name>strPoNbrMsmtchFlg</attribute-name>
               <properties>
                  <property name="enabled">
                     <value>false</value>
                  </property>
               </properties>
               <field table="INVC_MTCH_EXCPT" name="STR_PO_NBR_MSMTCH_FLG" xsi:type="column"/>
               <attribute-classification>java.lang.String</attribute-classification>
            </attribute-mapping>
            <attribute-mapping xsi:type="direct-mapping">
               <attribute-name>skuCnt</attribute-name>
               <properties>
                  <property name="enabled">
                     <value>false</value>
                  </property>
               </properties>
               <field table="INVC_MTCH_EXCPT" name="SKU_CNT" xsi:type="column"/>
               <attribute-classification>java.lang.Long</attribute-classification>
            </attribute-mapping>
            <attribute-mapping xsi:type="direct-mapping">
               <attribute-name>abbrCarrNm</attribute-name>
               <properties>
                  <property name="enabled">
                     <value>false</value>
                  </property>
               </properties>
               <field table="INVC_MTCH_EXCPT" name="ABBR_CARR_NM" xsi:type="column"/>
               <attribute-classification>java.lang.String</attribute-classification>
            </attribute-mapping>
            <attribute-mapping xsi:type="direct-mapping">
               <attribute-name>faxPhnNbr</attribute-name>
               <properties>
                  <property name="enabled">
                     <value>false</value>
                  </property>
               </properties>
               <field table="INVC_MTCH_EXCPT" name="FAX_PHN_NBR" xsi:type="column"/>
               <attribute-classification>java.lang.String</attribute-classification>
            </attribute-mapping>
            <attribute-mapping xsi:type="direct-mapping">
               <attribute-name>acctOrdTypCd</attribute-name>
               <properties>
                  <property name="enabled">
                     <value>false</value>
                  </property>
               </properties>
               <field table="INVC_MTCH_EXCPT" name="ACCT_ORD_TYP_CD" xsi:type="column"/>
               <attribute-classification>java.lang.String</attribute-classification>
            </attribute-mapping>
            <attribute-mapping xsi:type="direct-mapping">
               <attribute-name>invcMtchExcptQueueNm</attribute-name>
               <properties>
                  <property name="enabled">
                     <value>false</value>
                  </property>
               </properties>
               <field table="INVC_MTCH_EXCPT" name="INVC_MTCH_EXCPT_QUEUE_NM" xsi:type="column"/>
               <attribute-classification>java.lang.String</attribute-classification>
            </attribute-mapping>
            <attribute-mapping xsi:type="direct-mapping">
               <attribute-name>invcMtchVndrMntTypInd</attribute-name>
               <properties>
                  <property name="enabled">
                     <value>false</value>
                  </property>
               </properties>
               <field table="INVC_MTCH_EXCPT" name="INVC_MTCH_VNDR_MNT_TYP_IND" xsi:type="column"/>
               <attribute-classification>java.lang.String</attribute-classification>
            </attribute-mapping>
            <attribute-mapping xsi:type="direct-mapping">
               <attribute-name>invcMtchVndrMntCmtTxt</attribute-name>
               <properties>
                  <property name="enabled">
                     <value>false</value>
                  </property>
               </properties>
               <field table="INVC_MTCH_EXCPT" name="INVC_MTCH_VNDR_MNT_CMT_TXT" xsi:type="column"/>
               <attribute-classification>java.lang.String</attribute-classification>
            </attribute-mapping>
            <attribute-mapping xsi:type="direct-mapping">
               <attribute-name>cnflctInvcNbr</attribute-name>
               <properties>
                  <property name="enabled">
                     <value>false</value>
                  </property>
               </properties>
               <field table="INVC_MTCH_EXCPT" name="CNFLCT_INVC_NBR" xsi:type="column"/>
               <attribute-classification>java.lang.String</attribute-classification>
            </attribute-mapping>
            <attribute-mapping xsi:type="direct-mapping">
               <attribute-name>addlCmtTxt</attribute-name>
               <properties>
                  <property name="enabled">
                     <value>false</value>
                  </property>
               </properties>
               <field table="INVC_MTCH_EXCPT" name="ADDL_CMT_TXT" xsi:type="column"/>
               <attribute-classification>java.lang.String</attribute-classification>
            </attribute-mapping>
            <attribute-mapping xsi:type="direct-mapping">
               <attribute-name>prcsdFlg</attribute-name>
               <properties>
                  <property name="enabled">
                     <value>false</value>
                  </property>
               </properties>
               <field table="INVC_MTCH_EXCPT" name="PRCSD_FLG" xsi:type="column"/>
               <attribute-classification>java.lang.String</attribute-classification>
            </attribute-mapping>
         </attribute-mappings>
         <descriptor-type>independent</descriptor-type>
         <caching>
            <cache-type>weak-reference</cache-type>
            <cache-size>-1</cache-size>
            <always-refresh>true</always-refresh>
         </caching>
         <remote-caching>
            <cache-type>weak-reference</cache-type>
            <cache-size>-1</cache-size>
         </remote-caching>
         <instantiation/>
         <copying xsi:type="instantiation-copy-policy"/>
         <tables>
            <table name="INVC_MTCH_EXCPT"/>
         </tables>
         <structure>structureName</structure>
      </class-mapping-descriptor>
   </class-mapping-descriptors>
   <login xsi:type="database-login">
      <platform-class>org.eclipse.persistence.platform.database.oracle.Oracle9Platform</platform-class>
      <connection-url></connection-url>
   </login>
</object-persistence>
