<?xml version = '1.0' encoding = 'UTF-8'?>
<!DOCTYPE properties SYSTEM "http://java.sun.com/dtd/properties.dtd">
<properties>
   <entry key="INVC_MTCH_EXCPT.PRCSD_FLG:db_column_type">VARCHAR2</entry>
   <entry key="INVC_MTCH_EXCPT.PVNDR_NBR:db_column_size">10</entry>
   <entry key="INVC_MTCH_EXCPT.S_PVNDR_NM:db_column_size">12</entry>
   <entry key="INVC_MTCH_EXCPT.VCHR_NBR:db_column_type">VARCHAR2</entry>
   <entry key="INVC_MTCH_EXCPT.LOC_NBR:db_column_size">4</entry>
   <entry key="INVC_MTCH_EXCPT:db_column_9">CARR_NM</entry>
   <entry key="INVC_MTCH_EXCPT.TOT_RETL_AMT:db_column_scale">4</entry>
   <entry key="INVC_MTCH_EXCPT:db_column_8">CNTRY_CD</entry>
   <entry key="INVC_MTCH_EXCPT.KEYREC_NBR:db_column_not_null">false</entry>
   <entry key="INVC_MTCH_EXCPT:db_column_7">INVC_MTCH_DATA_SRC_IND</entry>
   <entry key="INVC_MTCH_EXCPT:db_column_6">LAST_UPD_TS</entry>
   <entry key="INVC_MTCH_EXCPT:db_column_5">LAST_UPD_SYSUSR_ID</entry>
   <entry key="INVC_MTCH_EXCPT.INVC_NBR:db_column_not_null">false</entry>
   <entry key="INVC_MTCH_EXCPT.SHPMT_TRKG_NBR:db_column_type">VARCHAR2</entry>
   <entry key="INVC_MTCH_EXCPT:db_column_4">LAST_UPD_PGM_ID</entry>
   <entry key="INVC_MTCH_EXCPT:db_column_3">CRT_TS</entry>
   <entry key="INVC_MTCH_EXCPT.PVNDR_NM:db_column_type">VARCHAR2</entry>
   <entry key="INVC_MTCH_EXCPT:db_column_2">CRT_SYSUSR_ID</entry>
   <entry key="INVC_MTCH_EXCPT.AP_CO_NBR:db_column_type">VARCHAR2</entry>
   <entry key="INVC_MTCH_EXCPT.INVC_NBR:db_column_size">22</entry>
   <entry key="INVC_MTCH_EXCPT:db_column_1">CRT_PGM_ID</entry>
   <entry key="INVC_MTCH_EXCPT:db_column_0">INVC_MTCH_EXCPT_ID</entry>
   <entry key="INVC_MTCH_EXCPT.STR_PO_NBR_MSMTCH_FLG:db_column_size">1</entry>
   <entry key="INVC_MTCH_EXCPT.CNTRY_CD:db_column_not_null">false</entry>
   <entry key="INVC_MTCH_EXCPT.INVC_MTCH_EXCPT_QUEUE_NM:db_column_not_null">false</entry>
   <entry key="INVC_MTCH_EXCPT.TOT_RETL_AMT:db_column_not_null">false</entry>
   <entry key="INVC_MTCH_EXCPT.PRCSD_FLG:db_column_not_null">true</entry>
   <entry key="INVC_MTCH_EXCPT.FILE_CRT_DT:db_column_not_null">false</entry>
   <entry key="INVC_MTCH_EXCPT.LOC_TYP_CD:db_column_type">VARCHAR2</entry>
   <entry key="INVC_MTCH_EXCPT.CRT_PGM_ID:db_column_type">VARCHAR2</entry>
   <entry key="INVC_MTCH_EXCPT.LOC_NBR:db_column_not_null">false</entry>
   <entry key="INVC_MTCH_EXCPT.INVC_POTNTL_MTCH_IND:db_column_type">VARCHAR2</entry>
   <entry key="INVC_MTCH_EXCPT.CRT_TS:db_column_type">TIMESTAMP(6)</entry>
   <entry key="INVC_MTCH_EXCPT.KEYREC_NBR:db_column_size">9</entry>
   <entry key="INVC_MTCH_EXCPT.INVC_MTCH_EXCPT_STAT_IND:db_column_not_null">false</entry>
   <entry key="INVC_MTCH_EXCPT.FAX_PHN_NBR:db_column_size">10</entry>
   <entry key="INVC_MTCH_EXCPT.KEYREC_TYP_IND:db_column_type">VARCHAR2</entry>
   <entry key="INVC_MTCH_EXCPT.TOT_CALC_DISC_AMT:db_column_precision">17</entry>
   <entry key="INVC_MTCH_EXCPT.SKU_CNT:db_column_scale">0</entry>
   <entry key="INVC_MTCH_EXCPT.SKU_CNT:db_column_not_null">false</entry>
   <entry key="INVC_MTCH_EXCPT.PRCSD_FLG:db_column_size">1</entry>
   <entry key="INVC_MTCH_EXCPT.KEYREC_TYP_IND:db_column_not_null">false</entry>
   <entry key="INVC_MTCH_EXCPT.VCHR_NBR:db_column_size">6</entry>
   <entry key="INVC_MTCH_EXCPT.ADDL_CMT_TXT:db_column_type">VARCHAR2</entry>
   <entry key="INVC_MTCH_EXCPT.INVC_MTCH_EXCPT_QUEUE_NM:db_column_type">VARCHAR2</entry>
   <entry key="INVC_MTCH_EXCPT.SHPMT_TRKG_NBR:db_column_size">30</entry>
   <entry key="INVC_MTCH_EXCPT.PVNDR_NM:db_column_size">30</entry>
   <entry key="INVC_MTCH_EXCPT.AP_CO_NBR:db_column_size">3</entry>
   <entry key="INVC_MTCH_EXCPT.INVC_MTCH_VNDR_MNT_TYP_IND:db_column_not_null">false</entry>
   <entry key="INVC_MTCH_EXCPT.STR_PO_NBR_MSMTCH_FLG:db_column_not_null">true</entry>
   <entry key="INVC_MTCH_EXCPT.KEYREC_DT:db_column_type">DATE</entry>
   <entry key="INVC_MTCH_EXCPT.CRT_PGM_ID:db_column_size">18</entry>
   <entry key="INVC_MTCH_EXCPT.TOT_CALC_DISC_AMT:db_column_type">NUMBER</entry>
   <entry key="INVC_MTCH_EXCPT.LOC_TYP_CD:db_column_size">4</entry>
   <entry key="INVC_MTCH_EXCPT.INVC_POTNTL_MTCH_IND:db_column_size">1</entry>
   <entry key="INVC_MTCH_EXCPT.INVC_MTCH_OVRA_ACTN_IND:db_column_type">VARCHAR2</entry>
   <entry key="INVC_MTCH_EXCPT.D_PAY_TRM_CD:db_column_not_null">false</entry>
   <entry key="INVC_MTCH_EXCPT.FILE_CRT_DT:db_column_type">DATE</entry>
   <entry key="INVC_MTCH_EXCPT.INVC_MTCH_VNDR_MNT_CMT_TXT:db_column_type">VARCHAR2</entry>
   <entry key="INVC_MTCH_EXCPT.CARR_NM:db_column_type">VARCHAR2</entry>
   <entry key="INVC_MTCH_EXCPT.KEYREC_TYP_IND:db_column_size">2</entry>
   <entry key="INVC_MTCH_EXCPT.TOT_RETL_AMT:db_column_precision">17</entry>
   <entry key="INVC_MTCH_EXCPT.LAST_UPD_SYSUSR_ID:db_column_type">VARCHAR2</entry>
   <entry key="INVC_MTCH_EXCPT.S_PVNDR_NM:db_column_not_null">false</entry>
   <entry key="INVC_MTCH_EXCPT.ADDL_CMT_TXT:db_column_size">1000</entry>
   <entry key="INVC_MTCH_EXCPT.INVC_MTCH_EXCPT_QUEUE_NM:db_column_size">20</entry>
   <entry key="INVC_MTCH_EXCPT.INVC_MTCH_DATA_SRC_IND:db_column_type">VARCHAR2</entry>
   <entry key="INVC_MTCH_EXCPT.CARR_NM:db_column_not_null">false</entry>
   <entry key="INVC_MTCH_EXCPT.ABBR_CARR_NM:db_column_not_null">false</entry>
   <entry key="INVC_MTCH_EXCPT.PO_NBR:db_column_type">VARCHAR2</entry>
   <entry key="INVC_MTCH_EXCPT.INVC_MTCH_DATA_SRC_IND:db_column_not_null">false</entry>
   <entry key="INVC_MTCH_EXCPT.INVC_MTCH_OVRA_ACTN_IND:db_column_size">1</entry>
   <entry key="INVC_MTCH_EXCPT.INVC_DT:db_column_type">DATE</entry>
   <entry key="INVC_MTCH_EXCPT.DDA_TRM_ID:db_column_type">VARCHAR2</entry>
   <entry key="INVC_MTCH_EXCPT.INVC_MTCH_VNDR_MNT_CMT_TXT:db_column_size">1000</entry>
   <entry key="INVC_MTCH_EXCPT.CARR_NM:db_column_size">30</entry>
   <entry key="INVC_MTCH_EXCPT.FAX_PHN_NBR:db_column_not_null">false</entry>
   <entry key="INVC_MTCH_EXCPT.CNFLCT_INVC_NBR:db_column_type">VARCHAR2</entry>
   <entry key="INVC_MTCH_EXCPT.LAST_UPD_SYSUSR_ID:db_column_size">24</entry>
   <entry key="INVC_MTCH_EXCPT.AP_EDIT_DISTR_IND:db_column_not_null">false</entry>
   <entry key="INVC_MTCH_EXCPT.SHPMT_TRKG_NBR:db_column_not_null">false</entry>
   <entry key="INVC_MTCH_EXCPT.TOT_CALC_DISC_AMT:db_column_scale">4</entry>
   <entry key="INVC_MTCH_EXCPT.INVC_MTCH_DATA_SRC_IND:db_column_size">3</entry>
   <entry key="INVC_MTCH_EXCPT.AP_CO_NBR:db_column_not_null">false</entry>
   <entry key="INVC_MTCH_EXCPT.TOT_INVC_AMT:db_column_scale">4</entry>
   <entry key="INVC_MTCH_EXCPT.LAST_UPD_TS:db_column_not_null">true</entry>
   <entry key="return_single_result_set">false</entry>
   <entry key="INVC_MTCH_EXCPT.CRT_SYSUSR_ID:db_column_not_null">false</entry>
   <entry key="INVC_MTCH_EXCPT.INVC_MTCH_EXCPT_STAT_IND:db_column_type">VARCHAR2</entry>
   <entry key="INVC_MTCH_EXCPT.PO_NBR:db_column_size">25</entry>
   <entry key="INVC_MTCH_EXCPT.CRT_PGM_ID:db_column_not_null">true</entry>
   <entry key="INVC_MTCH_EXCPT.SHPMT_TRKG_TYP_IND:db_column_type">VARCHAR2</entry>
   <entry key="INVC_MTCH_EXCPT.DDA_TRM_ID:db_column_size">150</entry>
   <entry key="INVC_MTCH_EXCPT.AP_EDIT_DISTR_IND:db_column_type">VARCHAR2</entry>
   <entry key="INVC_MTCH_EXCPT.SKU_CNT:db_column_precision">10</entry>
   <entry key="INVC_MTCH_EXCPT:db_table_type">TABLE</entry>
   <entry key="INVC_MTCH_EXCPT.CNFLCT_INVC_NBR:db_column_size">22</entry>
   <entry key="INVC_MTCH_EXCPT.MER_DEPT_NBR:db_column_precision">5</entry>
   <entry key="INVC_MTCH_EXCPT.INVC_MTCH_EXCPT_ID:db_column_scale">0</entry>
   <entry key="INVC_MTCH_EXCPT.TOT_INVC_AMT:db_column_not_null">false</entry>
   <entry key="INVC_MTCH_EXCPT.D_PAY_TRM_CD:db_column_type">VARCHAR2</entry>
   <entry key="INVC_MTCH_EXCPT.INVC_MTCH_EXCPT_STAT_IND:db_column_size">2</entry>
   <entry key="INVC_MTCH_EXCPT.SHPMT_TRKG_TYP_IND:db_column_size">1</entry>
   <entry key="INVC_MTCH_EXCPT.INVC_MTCH_WRKFLW_STG_IND:db_column_type">VARCHAR2</entry>
   <entry key="INVC_MTCH_EXCPT.CRT_SYSUSR_ID:db_column_type">VARCHAR2</entry>
   <entry key="INVC_MTCH_EXCPT.AP_EDIT_DISTR_IND:db_column_size">2</entry>
   <entry key="INVC_MTCH_EXCPT.SKU_CNT:db_column_type">NUMBER</entry>
   <entry key="INVC_MTCH_EXCPT.ERLY_KEYREC_MTCH_DT:db_column_not_null">false</entry>
   <entry key="INVC_MTCH_EXCPT.FRT_BILL_NBR:db_column_not_null">false</entry>
   <entry key="INVC_MTCH_EXCPT.ACCT_ORD_TYP_CD:db_column_not_null">true</entry>
   <entry key="INVC_MTCH_EXCPT:db_column_51">PRCSD_FLG</entry>
   <entry key="INVC_MTCH_EXCPT:db_column_50">ADDL_CMT_TXT</entry>
   <entry key="INVC_MTCH_EXCPT.VCHR_NBR:db_column_not_null">false</entry>
   <entry key="INVC_MTCH_EXCPT.INVC_MTCH_EXCPT_CTG_IND:db_column_not_null">false</entry>
   <entry key="INVC_MTCH_EXCPT.PVNDR_NBR:db_column_not_null">false</entry>
   <entry key="INVC_MTCH_EXCPT.MER_DEPT_NBR:db_column_scale">0</entry>
   <entry key="INVC_MTCH_EXCPT.D_PAY_TRM_CD:db_column_size">10</entry>
   <entry key="INVC_MTCH_EXCPT.INVC_MTCH_WRKFLW_STG_IND:db_column_not_null">false</entry>
   <entry key="INVC_MTCH_EXCPT.DDA_TRM_ID:db_column_not_null">false</entry>
   <entry key="INVC_MTCH_EXCPT.INVC_MTCH_EXCPT_CTG_IND:db_column_type">VARCHAR2</entry>
   <entry key="INVC_MTCH_EXCPT.CNTRY_CD:db_column_type">VARCHAR2</entry>
   <entry key="INVC_MTCH_EXCPT.LAST_UPD_PGM_ID:db_column_type">VARCHAR2</entry>
   <entry key="INVC_MTCH_EXCPT.PO_NBR:db_column_not_null">false</entry>
   <entry key="INVC_MTCH_EXCPT:db_column_49">CNFLCT_INVC_NBR</entry>
   <entry key="INVC_MTCH_EXCPT.INVC_MTCH_WRKFLW_STG_IND:db_column_size">1</entry>
   <entry key="INVC_MTCH_EXCPT.CRT_SYSUSR_ID:db_column_size">24</entry>
   <entry key="INVC_MTCH_EXCPT:db_column_48">INVC_MTCH_VNDR_MNT_CMT_TXT</entry>
   <entry key="INVC_MTCH_EXCPT:db_column_47">INVC_MTCH_VNDR_MNT_TYP_IND</entry>
   <entry key="INVC_MTCH_EXCPT:db_column_46">INVC_MTCH_EXCPT_QUEUE_NM</entry>
   <entry key="INVC_MTCH_EXCPT.TOT_INVC_AMT:db_column_precision">17</entry>
   <entry key="INVC_MTCH_EXCPT:db_column_45">ACCT_ORD_TYP_CD</entry>
   <entry key="INVC_MTCH_EXCPT:db_column_44">FAX_PHN_NBR</entry>
   <entry key="root_descriptor_alias">INVC_MTCH_EXCPT</entry>
   <entry key="INVC_MTCH_EXCPT:db_column_43">ABBR_CARR_NM</entry>
   <entry key="INVC_MTCH_EXCPT:db_column_42">SKU_CNT</entry>
   <entry key="INVC_MTCH_EXCPT:db_column_41">STR_PO_NBR_MSMTCH_FLG</entry>
   <entry key="INVC_MTCH_EXCPT:db_column_40">VCHR_NBR</entry>
   <entry key="INVC_MTCH_EXCPT.INVC_MTCH_EXCPT_ID:db_column_type">NUMBER</entry>
   <entry key="INVC_MTCH_EXCPT.TOT_INVC_AMT:db_column_type">NUMBER</entry>
   <entry key="INVC_MTCH_EXCPT.ACCT_ORD_TYP_CD:db_column_type">VARCHAR2</entry>
   <entry key="INVC_MTCH_EXCPT.ABBR_CARR_NM:db_column_type">VARCHAR2</entry>
   <entry key="INVC_MTCH_EXCPT.PAYMT_DUE_DT:db_column_not_null">false</entry>
   <entry key="INVC_MTCH_EXCPT.LAST_UPD_SYSUSR_ID:db_column_not_null">false</entry>
   <entry key="INVC_MTCH_EXCPT:db_column_39">SHPMT_TRKG_TYP_IND</entry>
   <entry key="INVC_MTCH_EXCPT:db_column_38">TOT_RETL_AMT</entry>
   <entry key="INVC_MTCH_EXCPT:db_column_37">TOT_INVC_AMT</entry>
   <entry key="INVC_MTCH_EXCPT:db_column_36">TOT_CALC_DISC_AMT</entry>
   <entry key="INVC_MTCH_EXCPT:db_column_35">LOC_TYP_CD</entry>
   <entry key="INVC_MTCH_EXCPT:db_column_34">LOC_NBR</entry>
   <entry key="INVC_MTCH_EXCPT:db_column_33">S_PVNDR_NM</entry>
   <entry key="INVC_MTCH_EXCPT.CRT_TS:db_column_not_null">true</entry>
   <entry key="INVC_MTCH_EXCPT:db_column_32">PVNDR_NM</entry>
   <entry key="INVC_MTCH_EXCPT.INVC_MTCH_VNDR_MNT_TYP_IND:db_column_type">VARCHAR2</entry>
   <entry key="INVC_MTCH_EXCPT:db_column_31">PVNDR_NBR</entry>
   <entry key="INVC_MTCH_EXCPT.LAST_UPD_PGM_ID:db_column_size">18</entry>
   <entry key="INVC_MTCH_EXCPT.CNTRY_CD:db_column_size">2</entry>
   <entry key="INVC_MTCH_EXCPT.INVC_MTCH_EXCPT_CTG_IND:db_column_size">2</entry>
   <entry key="INVC_MTCH_EXCPT:db_column_30">SHPMT_TRKG_NBR</entry>
   <entry key="INVC_MTCH_EXCPT.ERLY_KEYREC_MTCH_DT:db_column_type">DATE</entry>
   <entry key="INVC_MTCH_EXCPT.MER_DEPT_NBR:db_column_not_null">false</entry>
   <entry key="INVC_MTCH_EXCPT.PAYMT_DUE_DT:db_column_type">DATE</entry>
   <entry key="INVC_MTCH_EXCPT.LAST_UPD_TS:db_column_type">TIMESTAMP(6)</entry>
   <entry key="INVC_MTCH_EXCPT.INVC_POTNTL_MTCH_IND:db_column_not_null">false</entry>
   <entry key="INVC_MTCH_EXCPT.PVNDR_NM:db_column_not_null">false</entry>
   <entry key="INVC_MTCH_EXCPT.INVC_MTCH_EXCPT_ID:db_column_not_null">true</entry>
   <entry key="INVC_MTCH_EXCPT.ADDL_CMT_TXT:db_column_not_null">false</entry>
   <entry key="INVC_MTCH_EXCPT.SHPMT_TRKG_TYP_IND:db_column_not_null">false</entry>
   <entry key="INVC_MTCH_EXCPT:db_column_29">INVC_POTNTL_MTCH_IND</entry>
   <entry key="INVC_MTCH_EXCPT.ACCT_ORD_TYP_CD:db_column_size">1</entry>
   <entry key="INVC_MTCH_EXCPT:db_column_28">PO_NBR</entry>
   <entry key="INVC_MTCH_EXCPT:db_column_27">DDA_TRM_ID</entry>
   <entry key="INVC_MTCH_EXCPT:db_column_26">D_PAY_TRM_CD</entry>
   <entry key="INVC_MTCH_EXCPT.ABBR_CARR_NM:db_column_size">10</entry>
   <entry key="INVC_MTCH_EXCPT:db_column_25">INVC_MTCH_EXCPT_STAT_IND</entry>
   <entry key="INVC_MTCH_EXCPT:db_column_24">INVC_MTCH_OVRA_ACTN_IND</entry>
   <entry key="INVC_MTCH_EXCPT.FRT_BILL_NBR:db_column_type">VARCHAR2</entry>
   <entry key="INVC_MTCH_EXCPT:db_column_23">KEYREC_TYP_IND</entry>
   <entry key="INVC_MTCH_EXCPT:db_column_22">KEYREC_DT</entry>
   <entry key="INVC_MTCH_EXCPT:db_column_21">KEYREC_NBR</entry>
   <entry key="INVC_MTCH_EXCPT.INVC_MTCH_OVRA_ACTN_IND:db_column_not_null">false</entry>
   <entry key="INVC_MTCH_EXCPT:db_column_20">INVC_MTCH_EXCPT_CTG_IND</entry>
   <entry key="INVC_MTCH_EXCPT.LOC_TYP_CD:db_column_not_null">false</entry>
   <entry key="INVC_MTCH_EXCPT.PVNDR_NBR:db_column_type">VARCHAR2</entry>
   <entry key="INVC_MTCH_EXCPT.INVC_MTCH_EXCPT_ID:db_column_precision">10</entry>
   <entry key="INVC_MTCH_EXCPT.S_PVNDR_NM:db_column_type">VARCHAR2</entry>
   <entry key="INVC_MTCH_EXCPT.LOC_NBR:db_column_type">VARCHAR2</entry>
   <entry key="INVC_MTCH_EXCPT.INVC_MTCH_VNDR_MNT_CMT_TXT:db_column_not_null">false</entry>
   <entry key="INVC_MTCH_EXCPT.INVC_MTCH_VNDR_MNT_TYP_IND:db_column_size">2</entry>
   <entry key="INVC_MTCH_EXCPT.INVC_DT:db_column_not_null">false</entry>
   <entry key="INVC_MTCH_EXCPT.INVC_NBR:db_column_type">VARCHAR2</entry>
   <entry key="INVC_MTCH_EXCPT.STR_PO_NBR_MSMTCH_FLG:db_column_type">VARCHAR2</entry>
   <entry key="INVC_MTCH_EXCPT:db_column_19">INVC_NBR</entry>
   <entry key="INVC_MTCH_EXCPT:db_column_18">INVC_DT</entry>
   <entry key="INVC_MTCH_EXCPT:db_column_17">FRT_BILL_NBR</entry>
   <entry key="INVC_MTCH_EXCPT:db_column_16">FILE_CRT_DT</entry>
   <entry key="INVC_MTCH_EXCPT:db_column_15">AP_EDIT_DISTR_IND</entry>
   <entry key="INVC_MTCH_EXCPT:db_column_14">ERLY_KEYREC_MTCH_DT</entry>
   <entry key="INVC_MTCH_EXCPT.KEYREC_DT:db_column_not_null">false</entry>
   <entry key="INVC_MTCH_EXCPT:db_column_13">PAYMT_DUE_DT</entry>
   <entry key="INVC_MTCH_EXCPT:db_column_12">MER_DEPT_NBR</entry>
   <entry key="INVC_MTCH_EXCPT:db_column_11">INVC_MTCH_WRKFLW_STG_IND</entry>
   <entry key="INVC_MTCH_EXCPT:db_column_10">AP_CO_NBR</entry>
   <entry key="INVC_MTCH_EXCPT.TOT_RETL_AMT:db_column_type">NUMBER</entry>
   <entry key="INVC_MTCH_EXCPT.TOT_CALC_DISC_AMT:db_column_not_null">false</entry>
   <entry key="INVC_MTCH_EXCPT.KEYREC_NBR:db_column_type">VARCHAR2</entry>
   <entry key="INVC_MTCH_EXCPT.CNFLCT_INVC_NBR:db_column_not_null">false</entry>
   <entry key="INVC_MTCH_EXCPT.FAX_PHN_NBR:db_column_type">VARCHAR2</entry>
   <entry key="INVC_MTCH_EXCPT.FRT_BILL_NBR:db_column_size">30</entry>
   <entry key="INVC_MTCH_EXCPT.MER_DEPT_NBR:db_column_type">NUMBER</entry>
   <entry key="INVC_MTCH_EXCPT.LAST_UPD_PGM_ID:db_column_not_null">true</entry>
</properties>